problem,entry,language,library,best_mean,best_std,time_mean_s,time_std_s,n_trials
ackley,radiate (python),python,radiate,0.02866985872387881,0.011306360407072742,0.07513173319748598,0.0010497350666300324,10
ackley,deap (python),python,deap,8.959357820046353,0.4360766142578093,0.3992296246971819,0.006263489973345193,10
ackley,pymoo (python),python,pymoo,1.8514853549177084,0.3750665994921434,1.0736174873003619,0.03911471192404066,10
ackley,radiate (rust),rust,radiate,0.01906180456280704,0.007458403291678791,0.0164513334,0.00012870299334963255,10
ackley,jenetics (java),java,jenetics,10.233785180195003,0.7494619982308022,0.0175164041,0.0005070665271529856,10
ackley,geneticsharp (csharp),csharp,geneticsharp,13.854513255429316,2.568809621972862,0.9158024900000001,0.021433919541514395,10
dtlz2,radiate (python),python,radiate,0.7031013731585836,0.006380035657404812,0.08628141250082985,0.0003892163735645698,10
dtlz2,deap (python),python,deap,0.6974054639028259,0.0060620065969078304,1.8988521459003096,0.0073594184371140155,10
dtlz2,pymoo (python),python,pymoo,0.711113908962819,0.005646123455028635,0.6680439123971155,0.022988481324784035,10
dtlz2,radiate (rust),rust,radiate,0.702929625808186,0.007775203576328451,0.0317596332,0.0002643996494147117,10
dtlz2,jenetics (java),java,jenetics,0.22462306707021268,0.031936430856005935,0.1213745123,0.0028838002586533086,10
dtlz2,jmetal (java),java,jmetal,0.6952498947012578,0.006780410498871511,0.2480240167,0.0006461432728921629,10
knapsack,radiate (python),python,radiate,2089.1,2.8460498941515397,0.06733660010213494,0.0013728810334246466,10
knapsack,deap (python),python,deap,1982.4,35.04980583239925,0.30319512910209595,0.010145560119883913,10
knapsack,pymoo (python),python,pymoo,2090.0,0.0,2.053872070899524,0.050839653347041464,10
knapsack,radiate (rust),rust,radiate,2090.0,0.0,0.015396516800000001,0.0003678145141036295,10
knapsack,jenetics (java),java,jenetics,2061.7,15.720121571483578,0.0658803166,0.0195829608094719,10
knapsack,geneticsharp (csharp),csharp,geneticsharp,2077.4,5.929212051829114,0.07705861,0.009284695513759305,10
nqueens,radiate (python),python,radiate,1.4,0.6992058987801011,0.17629136270406887,0.01049496136882973,10
nqueens,deap (python),python,deap,2.0,0.4714045207910317,0.41620726629917043,0.005214917839168504,10
nqueens,pymoo (python),python,pymoo,1.9,0.8755950357709131,1.5609026499994798,0.029740580238056043,10
nqueens,radiate (rust),rust,radiate,1.1,0.31622776601683794,0.0151250293,0.00014747158405382544,10
nqueens,jenetics (java),java,jenetics,1.8,0.6324555320336758,0.028544970800000003,0.0004260741632923652,10
nqueens,geneticsharp (csharp),csharp,geneticsharp,1.5,0.8498365855987975,0.08420546,0.003979896336226756,10
rastrigin,radiate (python),python,radiate,8.615085124969482,4.273500293222248,0.06493644999718522,0.000505596819900655,10
rastrigin,deap (python),python,deap,182.1081615216264,14.179239052788205,0.38426296669931614,0.007676079702116861,10
rastrigin,pymoo (python),python,pymoo,14.119902678925182,3.7539762998306463,1.0963184207983432,0.035566034522305286,10
rastrigin,radiate (rust),rust,radiate,11.87244143486023,8.982229022169115,0.016118446,0.00017768833881077654,10
rastrigin,jenetics (java),java,jenetics,189.38673768166717,19.383883041848602,0.0202284085,0.002512902136863637,10
rastrigin,geneticsharp (csharp),csharp,geneticsharp,96.63333369744807,20.396461165466352,0.81302476,0.015098066707083902,10
rosenbrock,radiate (python),python,radiate,35.27121543884277,14.652336222346118,0.07387509599793698,0.0010222235986409927,10
rosenbrock,deap (python),python,deap,106.04107976501348,4.8883436388585535,0.3901732499958598,0.007882393047535846,10
rosenbrock,pymoo (python),python,pymoo,90.1068169162265,23.48495240972149,1.1008189332002076,0.03018946394373955,10
rosenbrock,radiate (rust),rust,radiate,43.99761409759522,32.20980384953252,0.013905583499999999,0.0001264877032409342,10
rosenbrock,jenetics (java),java,jenetics,140.76565387416204,27.768360702275817,0.0163559999,0.0006344234710535668,10
rosenbrock,geneticsharp (csharp),csharp,geneticsharp,404.8437868097881,147.6188427179159,0.74603028,0.02080983691146516,10
sphere,radiate (python),python,radiate,0.00522290521766987,0.0028798971079181663,0.03719449569907734,0.0036395077277919688,10
sphere,deap (python),python,deap,3.922531695186342,0.36637573987836336,0.34632546279899545,0.013300736235463365,10
sphere,pymoo (python),python,pymoo,0.02918411018188327,0.006137886197498118,1.0721257585013517,0.02388373320298382,10
sphere,radiate (rust),rust,radiate,0.00423286056611683,0.002186050669594377,0.0144894959,0.001657449890993956,10
sphere,jenetics (java),java,jenetics,6.4752842255203875,1.9490978560563221,0.027389916799999997,0.007617671646883018,10
sphere,geneticsharp (csharp),csharp,geneticsharp,17.357028047,5.4395267748255165,0.7997368,0.018884140065144613,10
tsp,radiate (python),python,radiate,486.81401977539065,28.291468468245508,0.11170981670147735,0.0019099677740158345,10
tsp,deap (python),python,deap,975.7241845938916,21.32257753766481,0.35505440830020235,0.0011483967605553944,10
tsp,pymoo (python),python,pymoo,538.5292979445495,54.10850258112453,1.3157016292985646,0.04120165307542361,10
tsp,radiate (rust),rust,radiate,491.20127868652344,24.810204545455623,0.0177620208,0.00028531627723976086,10
tsp,jenetics (java),java,jenetics,875.5728273094348,88.36895213691146,0.0414697539,0.003113573360153732,10
tsp,geneticsharp (csharp),csharp,geneticsharp,471.0396562094299,7.360440824370538,0.10871987000000001,0.02292770252249691,10
zdt1,radiate (python),python,radiate,0.8629854765787425,0.001194268160183751,0.057604154098953544,0.0013715667623008171,10
zdt1,deap (python),python,deap,0.865758981416987,0.0005782917730749908,2.060100149999198,0.018442771769122526,10
zdt1,pymoo (python),python,pymoo,0.8567554596169128,0.005607024588519232,0.6337753206986235,0.01202389564437369,10
zdt1,radiate (rust),rust,radiate,0.8629648096376211,0.000880446222632827,0.0256108707,0.00020444008730951543,10
zdt1,jenetics (java),java,jenetics,0.8097159551531649,0.042129538917343924,0.24461913760000004,0.038450407652314805,10
zdt1,jmetal (java),java,jmetal,0.8656030263949879,0.0004272988320269397,0.29232277500000003,0.04581149342621762,10
zdt3,radiate (python),python,radiate,1.3156214175483998,0.0018562481791406342,0.061390374897746326,0.0006413365237929466,10
zdt3,deap (python),python,deap,1.32266940176387,0.0010350441778032616,2.070673141699808,0.027202931439255194,10
zdt3,pymoo (python),python,pymoo,1.3078849913761084,0.004442484814429975,0.6031995459008612,0.002567472278316255,10
zdt3,radiate (rust),rust,radiate,1.315404785282348,0.002437265305238707,0.0261704751,0.00029063662254913235,10
zdt3,jenetics (java),java,jenetics,1.174199182954572,0.10023956358142629,0.23513071270000002,0.03939295261681825,10
zdt3,jmetal (java),java,jmetal,1.3225771918375377,0.0006900828103962946,0.2692393038,0.000861521285211326,10
